,Postal Code,Neighborhood,Neighborhood Latitude,Neighborhood Longitude,Venue,Venue Summary,Venue Category,Distance
0,M1B,"Rouge, Malvern",43.8066863,-79.19435340000003,Images Salon & Spa,This spot is popular,Spa,595
1,M1B,"Rouge, Malvern",43.8066863,-79.19435340000003,Caribbean Wave,This spot is popular,Caribbean Restaurant,912
2,M1B,"Rouge, Malvern",43.8066863,-79.19435340000003,Wendy's,This spot is popular,Fast Food Restaurant,600
3,M1B,"Rouge, Malvern",43.8066863,-79.19435340000003,Harvey's,This spot is popular,Fast Food Restaurant,796
4,M1B,"Rouge, Malvern",43.8066863,-79.19435340000003,Wendy's,This spot is popular,Fast Food Restaurant,387
5,M1B,"Rouge, Malvern",43.8066863,-79.19435340000003,Tim Hortons,This spot is popular,Coffee Shop,605
6,M1B,"Rouge, Malvern",43.8066863,-79.19435340000003,Staples Morningside,This spot is popular,Paper / Office Supplies Store,735
7,M1B,"Rouge, Malvern",43.8066863,-79.19435340000003,Lee Valley,This spot is popular,Hobby Shop,580
8,M1B,"Rouge, Malvern",43.8066863,-79.19435340000003,Tim Hortons / Esso,This spot is popular,Coffee Shop,678
9,M1B,"Rouge, Malvern",43.8066863,-79.19435340000003,MMA World Academy,This spot is popular,Martial Arts Dojo,718
10,M1B,"Rouge, Malvern",43.8066863,-79.19435340000003,Mr Jerk,This spot is popular,African Restaurant,743
11,M1B,"Rouge, Malvern",43.8066863,-79.19435340000003,Charley's Exotic Cuisine,This spot is popular,Chinese Restaurant,791
12,M1B,"Rouge, Malvern",43.8066863,-79.19435340000003,MR. GREEK Express,This spot is popular,Greek Restaurant,822
13,M1B,"Rouge, Malvern",43.8066863,-79.19435340000003,Fusion Supermarket,This spot is popular,Fruit & Vegetable Store,824
14,M1B,"Rouge, Malvern",43.8066863,-79.19435340000003,Fit4Less,This spot is popular,Gym,840
15,M1B,"Rouge, Malvern",43.8066863,-79.19435340000003,What a Bakery,This spot is popular,Bakery,884
16,M1B,"Rouge, Malvern",43.8066863,-79.19435340000003,Fabricland,This spot is popular,Arts & Crafts Store,886
17,M1B,"Rouge, Malvern",43.8066863,-79.19435340000003,Quiznos,This spot is popular,Sandwich Place,898
18,M1B,"Rouge, Malvern",43.8066863,-79.19435340000003,joyce trimmer park,This spot is popular,Park,939
19,M1C,"Highland Creek, Rouge Hill, Port Union",43.7845351,-79.16049709999999,Fratelli Village Pizzeria,This spot is popular,Italian Restaurant,748
20,M1C,"Highland Creek, Rouge Hill, Port Union",43.7845351,-79.16049709999999,Shamrock Burgers,This spot is popular,Burger Joint,640
21,M1C,"Highland Creek, Rouge Hill, Port Union",43.7845351,-79.16049709999999,Ted's Restaurant,This spot is popular,Breakfast Spot,699
22,M1C,"Highland Creek, Rouge Hill, Port Union",43.7845351,-79.16049709999999,Colonel Danforth Park,This spot is popular,Playground,839
23,M1E,"Guildwood, Morningside, West Hill",43.7635726,-79.1887115,Chick-N-Joy,This spot is popular,Fried Chicken Joint,579
24,M1E,"Guildwood, Morningside, West Hill",43.7635726,-79.1887115,Bulk Barn,This spot is popular,Food & Drink Shop,933
25,M1E,"Guildwood, Morningside, West Hill",43.7635726,-79.1887115,LCBO,This spot is popular,Liquor Store,944
26,M1E,"Guildwood, Morningside, West Hill",43.7635726,-79.1887115,Swiss Chalet Rotisserie & Grill,This spot is popular,Pizza Place,469
27,M1E,"Guildwood, Morningside, West Hill",43.7635726,-79.1887115,Booster Juice,This spot is popular,Smoothie Shop,870
28,M1E,"Guildwood, Morningside, West Hill",43.7635726,-79.1887115,Starbucks,This spot is popular,Coffee Shop,780
29,M1E,"Guildwood, Morningside, West Hill",43.7635726,-79.1887115,Dollarama,This spot is popular,Discount Store,849
30,M1E,"Guildwood, Morningside, West Hill",43.7635726,-79.1887115,The Beer Store,This spot is popular,Beer Store,699
31,M1E,"Guildwood, Morningside, West Hill",43.7635726,-79.1887115,Shoppers Drug Mart,This spot is popular,Pharmacy,758
32,M1E,"Guildwood, Morningside, West Hill",43.7635726,-79.1887115,McDonald's,This spot is popular,Fast Food Restaurant,532
33,M1E,"Guildwood, Morningside, West Hill",43.7635726,-79.1887115,TD Canada Trust,This spot is popular,Bank,854
34,M1E,"Guildwood, Morningside, West Hill",43.7635726,-79.1887115,KFC,This spot is popular,Fast Food Restaurant,651
35,M1E,"Guildwood, Morningside, West Hill",43.7635726,-79.1887115,Subway,This spot is popular,Sandwich Place,964
36,M1E,"Guildwood, Morningside, West Hill",43.7635726,-79.1887115,Pizza Hut,This spot is popular,Pizza Place,793
37,M1E,"Guildwood, Morningside, West Hill",43.7635726,-79.1887115,Taste Of Greek Cuisine,This spot is popular,Greek Restaurant,526
38,M1E,"Guildwood, Morningside, West Hill",43.7635726,-79.1887115,Shoeless Joe's,This spot is popular,Sports Bar,635
39,M1E,"Guildwood, Morningside, West Hill",43.7635726,-79.1887115,Pizza Pizza,This spot is popular,Pizza Place,542
40,M1E,"Guildwood, Morningside, West Hill",43.7635726,-79.1887115,Lick's Homeburgers,This spot is popular,Burger Joint,941
41,M1E,"Guildwood, Morningside, West Hill",43.7635726,-79.1887115,Eggsmart,This spot is popular,Breakfast Spot,491
42,M1E,"Guildwood, Morningside, West Hill",43.7635726,-79.1887115,Tim Hortons,This spot is popular,Coffee Shop,682
43,M1E,"Guildwood, Morningside, West Hill",43.7635726,-79.1887115,Rexall,This spot is popular,Pharmacy,609
44,M1E,"Guildwood, Morningside, West Hill",43.7635726,-79.1887115,Food Basics,This spot is popular,Supermarket,760
45,M1E,"Guildwood, Morningside, West Hill",43.7635726,-79.1887115,Danny's Pub & International Cuisine,This spot is popular,Restaurant,812
46,M1E,"Guildwood, Morningside, West Hill",43.7635726,-79.1887115,Mark's,This spot is popular,Clothing Store,870
47,M1E,"Guildwood, Morningside, West Hill",43.7635726,-79.1887115,Pita Land,This spot is popular,Greek Restaurant,918
48,M1G,Woburn,43.7709921,-79.21691740000001,Starbucks,This spot is popular,Coffee Shop,356
49,M1G,Woburn,43.7709921,-79.21691740000001,Lucky Hakka,This spot is popular,Chinese Restaurant,974
50,M1G,Woburn,43.7709921,-79.21691740000001,Densgrove Park,This spot is popular,Park,674
51,M1G,Woburn,43.7709921,-79.21691740000001,Country Style,This spot is popular,Coffee Shop,850
52,M1G,Woburn,43.7709921,-79.21691740000001,Aunty Mary's,This spot is popular,Fast Food Restaurant,944
53,M1G,Woburn,43.7709921,-79.21691740000001,Bombay Palace,This spot is popular,Indian Restaurant,969
54,M1G,Woburn,43.7709921,-79.21691740000001,Bell,This spot is popular,Electronics Store,973
55,M1H,Cedarbrae,43.773136,-79.23947609999998,Federick Restaurant,This spot is popular,Hakka Restaurant,219
56,M1H,Cedarbrae,43.773136,-79.23947609999998,CANBE Foods Inc,This spot is popular,Indian Restaurant,532
57,M1H,Cedarbrae,43.773136,-79.23947609999998,Drupati's Roti & Doubles,This spot is popular,Caribbean Restaurant,291
58,M1H,Cedarbrae,43.773136,-79.23947609999998,The Real McCoy Burgers And Pizza,This spot is popular,Burger Joint,729
59,M1H,Cedarbrae,43.773136,-79.23947609999998,Tim Hortons,This spot is popular,Coffee Shop,670
60,M1H,Cedarbrae,43.773136,-79.23947609999998,Thai One On,This spot is popular,Thai Restaurant,206
61,M1H,Cedarbrae,43.773136,-79.23947609999998,Hakka Legend,This spot is popular,Chinese Restaurant,507
62,M1H,Cedarbrae,43.773136,-79.23947609999998,La Sani Grill,This spot is popular,Indian Restaurant,505
63,M1H,Cedarbrae,43.773136,-79.23947609999998,Long & McQuade,This spot is popular,Music Store,750
64,M1H,Cedarbrae,43.773136,-79.23947609999998,Shoppers Drug Mart,This spot is popular,Pharmacy,937
65,M1H,Cedarbrae,43.773136,-79.23947609999998,Centennial Recreation Centre,This spot is popular,Athletics & Sports,289
66,M1H,Cedarbrae,43.773136,-79.23947609999998,TD Canada Trust,This spot is popular,Bank,251
67,M1H,Cedarbrae,43.773136,-79.23947609999998,B&A Bakery,This spot is popular,Bakery,380
68,M1H,Cedarbrae,43.773136,-79.23947609999998,AllStar Wings & Ribs,This spot is popular,Wings Joint,950
69,M1H,Cedarbrae,43.773136,-79.23947609999998,Popeyes Louisiana Kitchen,This spot is popular,Fried Chicken Joint,455
70,M1H,Cedarbrae,43.773136,-79.23947609999998,Mitra Hot Yoga,This spot is popular,Yoga Studio,735
71,M1H,Cedarbrae,43.773136,-79.23947609999998,Tim Hortons,This spot is popular,Coffee Shop,944
72,M1H,Cedarbrae,43.773136,-79.23947609999998,FreshCo.,This spot is popular,Grocery Store,958
73,M1H,Cedarbrae,43.773136,-79.23947609999998,Coffee Culture,This spot is popular,Coffee Shop,560
74,M1H,Cedarbrae,43.773136,-79.23947609999998,McDonald's,This spot is popular,Fast Food Restaurant,979
75,M1H,Cedarbrae,43.773136,-79.23947609999998,So into Cupcakes,This spot is popular,Bakery,552
76,M1H,Cedarbrae,43.773136,-79.23947609999998,"Bus Stop: 102, 38, & 95",This spot is popular,Bus Line,733
77,M1H,Cedarbrae,43.773136,-79.23947609999998,Marchant's,This spot is popular,Sporting Goods Shop,839
78,M1H,Cedarbrae,43.773136,-79.23947609999998,Quality Bread Bakery,This spot is popular,Bakery,881
79,M1H,Cedarbrae,43.773136,-79.23947609999998,Pizza Nova,This spot is popular,Pizza Place,885
80,M1H,Cedarbrae,43.773136,-79.23947609999998,Fabian's Cafe,This spot is popular,Bakery,997
81,M1J,Scarborough Village,43.7447342,-79.23947609999998,Diamond Pizza,This spot is popular,Pizza Place,530
82,M1J,Scarborough Village,43.7447342,-79.23947609999998,Dairy Queen Restaurant,This spot is popular,Fast Food Restaurant,617
83,M1J,Scarborough Village,43.7447342,-79.23947609999998,Tim Hortons,This spot is popular,Coffee Shop,640
84,M1J,Scarborough Village,43.7447342,-79.23947609999998,DQ Grill & Chill Restaurant,This spot is popular,Fast Food Restaurant,607
85,M1J,Scarborough Village,43.7447342,-79.23947609999998,Subway,This spot is popular,Sandwich Place,741
86,M1J,Scarborough Village,43.7447342,-79.23947609999998,Swiss Chalet Rotisserie & Grill,This spot is popular,Restaurant,732
87,M1J,Scarborough Village,43.7447342,-79.23947609999998,Mac's Convenience Store,This spot is popular,Convenience Store,685
88,M1J,Scarborough Village,43.7447342,-79.23947609999998,On the Run,This spot is popular,Convenience Store,754
89,M1J,Scarborough Village,43.7447342,-79.23947609999998,Eglinton GO Station,This spot is popular,Train Station,805
90,M1J,Scarborough Village,43.7447342,-79.23947609999998,Nakamori Japanese Restaurant,This spot is popular,Japanese Restaurant,959
91,M1J,Scarborough Village,43.7447342,-79.23947609999998,McDonald's,This spot is popular,Fast Food Restaurant,645
92,M1J,Scarborough Village,43.7447342,-79.23947609999998,All Star Interactive,This spot is popular,Bowling Alley,983
93,M1K,"East Birchmount Park, Ionview, Kennedy Park",43.7279292,-79.26202940000002,Tim Hortons,This spot is popular,Coffee Shop,851
94,M1K,"East Birchmount Park, Ionview, Kennedy Park",43.7279292,-79.26202940000002,Dollarama,This spot is popular,Discount Store,784
95,M1K,"East Birchmount Park, Ionview, Kennedy Park",43.7279292,-79.26202940000002,Chung Moi,This spot is popular,Chinese Restaurant,764
96,M1K,"East Birchmount Park, Ionview, Kennedy Park",43.7279292,-79.26202940000002,Giant Tiger,This spot is popular,Department Store,342
97,M1K,"East Birchmount Park, Ionview, Kennedy Park",43.7279292,-79.26202940000002,Subway,This spot is popular,Sandwich Place,674
98,M1K,"East Birchmount Park, Ionview, Kennedy Park",43.7279292,-79.26202940000002,T-Bones Sizzling Steaks & Burgers,This spot is popular,Burger Joint,945
99,M1K,"East Birchmount Park, Ionview, Kennedy Park",43.7279292,-79.26202940000002,Tim Hortons,This spot is popular,Coffee Shop,351
100,M1K,"East Birchmount Park, Ionview, Kennedy Park",43.7279292,-79.26202940000002,Tim Hortons,This spot is popular,Coffee Shop,686
101,M1K,"East Birchmount Park, Ionview, Kennedy Park",43.7279292,-79.26202940000002,TD Canada Trust,This spot is popular,Bank,747
102,M1K,"East Birchmount Park, Ionview, Kennedy Park",43.7279292,-79.26202940000002,Kennedy GO Station,This spot is popular,Train Station,484
103,M1K,"East Birchmount Park, Ionview, Kennedy Park",43.7279292,-79.26202940000002,Dollarama,This spot is popular,Discount Store,330
104,M1K,"East Birchmount Park, Ionview, Kennedy Park",43.7279292,-79.26202940000002,KFC,This spot is popular,Fast Food Restaurant,905
105,M1K,"East Birchmount Park, Ionview, Kennedy Park",43.7279292,-79.26202940000002,Fu Yao Supermarket,This spot is popular,Grocery Store,792
106,M1K,"East Birchmount Park, Ionview, Kennedy Park",43.7279292,-79.26202940000002,Dollarama,This spot is popular,Discount Store,413
107,M1K,"East Birchmount Park, Ionview, Kennedy Park",43.7279292,-79.26202940000002,Pizza Pizza,This spot is popular,Pizza Place,869
108,M1K,"East Birchmount Park, Ionview, Kennedy Park",43.7279292,-79.26202940000002,Gateway Newstands,This spot is popular,Convenience Store,530
109,M1K,"East Birchmount Park, Ionview, Kennedy Park",43.7279292,-79.26202940000002,SRT - Moving Target,This spot is popular,Light Rail Station,579
110,M1K,"East Birchmount Park, Ionview, Kennedy Park",43.7279292,-79.26202940000002,Rob's No Frills,This spot is popular,Grocery Store,696
111,M1K,"East Birchmount Park, Ionview, Kennedy Park",43.7279292,-79.26202940000002,Kennedy Subway/RT Station,This spot is popular,Metro Station,604
112,M1K,"East Birchmount Park, Ionview, Kennedy Park",43.7279292,-79.26202940000002,McDonald's,This spot is popular,Fast Food Restaurant,805
113,M1K,"East Birchmount Park, Ionview, Kennedy Park",43.7279292,-79.26202940000002,Cho's Wok,This spot is popular,Chinese Restaurant,860
114,M1K,"East Birchmount Park, Ionview, Kennedy Park",43.7279292,-79.26202940000002,Lam Kee B. B. Q. Restaurant,This spot is popular,Asian Restaurant,870
115,M1L,"Clairlea, Golden Mile, Oakridge",43.7111117,-79.2845772,Dairy Queen,This spot is popular,Fast Food Restaurant,499
116,M1L,"Clairlea, Golden Mile, Oakridge",43.7111117,-79.2845772,Starbucks,This spot is popular,Coffee Shop,1001
117,M1L,"Clairlea, Golden Mile, Oakridge",43.7111117,-79.2845772,TD Canada Trust,This spot is popular,Bank,816
118,M1L,"Clairlea, Golden Mile, Oakridge",43.7111117,-79.2845772,Tim Hortons,This spot is popular,Coffee Shop,584
119,M1L,"Clairlea, Golden Mile, Oakridge",43.7111117,-79.2845772,The Beer Store,This spot is popular,Beer Store,978
120,M1L,"Clairlea, Golden Mile, Oakridge",43.7111117,-79.2845772,Subway,This spot is popular,Sandwich Place,927
121,M1L,"Clairlea, Golden Mile, Oakridge",43.7111117,-79.2845772,Warden Ave & St. Clair Ave E,This spot is popular,Intersection,306
122,M1L,"Clairlea, Golden Mile, Oakridge",43.7111117,-79.2845772,TTC Bus #68 Warden,This spot is popular,Bus Line,398
123,M1L,"Clairlea, Golden Mile, Oakridge",43.7111117,-79.2845772,TTC Bus 102 Markham Road,This spot is popular,Bus Line,402
124,M1L,"Clairlea, Golden Mile, Oakridge",43.7111117,-79.2845772,Warden Station Bus Loop,This spot is popular,Bus Station,402
125,M1L,"Clairlea, Golden Mile, Oakridge",43.7111117,-79.2845772,Bakery On The Go,This spot is popular,Bakery,408
126,M1L,"Clairlea, Golden Mile, Oakridge",43.7111117,-79.2845772,Cafe on the go,This spot is popular,Bakery,411
127,M1L,"Clairlea, Golden Mile, Oakridge",43.7111117,-79.2845772,Warden Woods Park,This spot is popular,Park,456
128,M1L,"Clairlea, Golden Mile, Oakridge",43.7111117,-79.2845772,Clairlea Futbol Centre,This spot is popular,Soccer Field,484
129,M1L,"Clairlea, Golden Mile, Oakridge",43.7111117,-79.2845772,Hamish's Kitchen Fish & Chips,This spot is popular,Diner,504
130,M1L,"Clairlea, Golden Mile, Oakridge",43.7111117,-79.2845772,Tim Hortons,This spot is popular,Coffee Shop,584
131,M1L,"Clairlea, Golden Mile, Oakridge",43.7111117,-79.2845772,Becker's Milk & Variety,This spot is popular,Convenience Store,553
132,M1L,"Clairlea, Golden Mile, Oakridge",43.7111117,-79.2845772,McDonald's,This spot is popular,Fast Food Restaurant,890
133,M1L,"Clairlea, Golden Mile, Oakridge",43.7111117,-79.2845772,Mackish Irish Pub,This spot is popular,Pub,982
134,M1L,"Clairlea, Golden Mile, Oakridge",43.7111117,-79.2845772,Domino's Pizza,This spot is popular,Pizza Place,763
135,M1L,"Clairlea, Golden Mile, Oakridge",43.7111117,-79.2845772,Tom's No Frills,This spot is popular,Grocery Store,960
136,M1L,"Clairlea, Golden Mile, Oakridge",43.7111117,-79.2845772,Venice Fitness,This spot is popular,Gym,817
137,M1L,"Clairlea, Golden Mile, Oakridge",43.7111117,-79.2845772,Sullivan Studios,This spot is popular,General Entertainment,907
138,M1L,"Clairlea, Golden Mile, Oakridge",43.7111117,-79.2845772,Victoria Park Ave & St. Clair Ave E,This spot is popular,Intersection,912
139,M1L,"Clairlea, Golden Mile, Oakridge",43.7111117,-79.2845772,Lucky Lotto Conveniece,This spot is popular,Convenience Store,928
140,M1L,"Clairlea, Golden Mile, Oakridge",43.7111117,-79.2845772,Mexitaco,This spot is popular,Mexican Restaurant,937
141,M1L,"Clairlea, Golden Mile, Oakridge",43.7111117,-79.2845772,Warden Woods Ravine,This spot is popular,Trail,966
142,M1M,"Cliffcrest, Cliffside, Scarborough Village West",43.716316,-79.23947609999998,Scarborough Bluffs,This spot is popular,Beach,967
143,M1M,"Cliffcrest, Cliffside, Scarborough Village West",43.716316,-79.23947609999998,Cathedral Bluffs Park,This spot is popular,Park,752
144,M1M,"Cliffcrest, Cliffside, Scarborough Village West",43.716316,-79.23947609999998,Dairy Queen,This spot is popular,Fast Food Restaurant,781
145,M1M,"Cliffcrest, Cliffside, Scarborough Village West",43.716316,-79.23947609999998,Bluffer's Park Beach,This spot is popular,Beach,997
146,M1M,"Cliffcrest, Cliffside, Scarborough Village West",43.716316,-79.23947609999998,Canadian Tire,This spot is popular,Furniture / Home Store,539
147,M1M,"Cliffcrest, Cliffside, Scarborough Village West",43.716316,-79.23947609999998,Southern Accent,This spot is popular,Cajun / Creole Restaurant,954
148,M1M,"Cliffcrest, Cliffside, Scarborough Village West",43.716316,-79.23947609999998,Dairy Queen Ltd Brazier,This spot is popular,Fast Food Restaurant,774
149,M1M,"Cliffcrest, Cliffside, Scarborough Village West",43.716316,-79.23947609999998,Working Dog Saloon,This spot is popular,Sports Bar,894
150,M1M,"Cliffcrest, Cliffside, Scarborough Village West",43.716316,-79.23947609999998,Pizza Pizza,This spot is popular,Pizza Place,765
151,M1M,"Cliffcrest, Cliffside, Scarborough Village West",43.716316,-79.23947609999998,Wild Wing,This spot is popular,Wings Joint,578
152,M1M,"Cliffcrest, Cliffside, Scarborough Village West",43.716316,-79.23947609999998,Big Boy's Burger,This spot is popular,Burger Joint,656
153,M1M,"Cliffcrest, Cliffside, Scarborough Village West",43.716316,-79.23947609999998,Pizza Pizza,This spot is popular,Pizza Place,732
154,M1M,"Cliffcrest, Cliffside, Scarborough Village West",43.716316,-79.23947609999998,Pizza Nova,This spot is popular,Pizza Place,977
155,M1N,"Birch Cliff, Cliffside West",43.692657,-79.2648481,The Birchcliff,This spot is popular,Café,113
156,M1N,"Birch Cliff, Cliffside West",43.692657,-79.2648481,Jatujak,This spot is popular,Thai Restaurant,631
157,M1N,"Birch Cliff, Cliffside West",43.692657,-79.2648481,Rosetta McLain Gardens,This spot is popular,Park,879
158,M1N,"Birch Cliff, Cliffside West",43.692657,-79.2648481,Birchmount Community Centre,This spot is popular,General Entertainment,354
159,M1N,"Birch Cliff, Cliffside West",43.692657,-79.2648481,Variety Village,This spot is popular,Gym,883
160,M1N,"Birch Cliff, Cliffside West",43.692657,-79.2648481,Dairy Queen,This spot is popular,Fast Food Restaurant,998
161,M1N,"Birch Cliff, Cliffside West",43.692657,-79.2648481,TD Canada Trust,This spot is popular,Bank,696
162,M1N,"Birch Cliff, Cliffside West",43.692657,-79.2648481,Wimpy's Diner,This spot is popular,Diner,548
163,M1N,"Birch Cliff, Cliffside West",43.692657,-79.2648481,Swiss Chalet Express/ Harvey's,This spot is popular,Restaurant,927
164,M1N,"Birch Cliff, Cliffside West",43.692657,-79.2648481,Scarborough Gardens,This spot is popular,Skating Rink,305
165,M1N,"Birch Cliff, Cliffside West",43.692657,-79.2648481,Birchmount Stadium,This spot is popular,College Stadium,412
166,M1N,"Birch Cliff, Cliffside West",43.692657,-79.2648481,Scotia Parkette,This spot is popular,Park,634
167,M1N,"Birch Cliff, Cliffside West",43.692657,-79.2648481,Crescentwood Park,This spot is popular,Park,688
168,M1N,"Birch Cliff, Cliffside West",43.692657,-79.2648481,GTA Forklift Training,This spot is popular,Business Service,779
169,M1N,"Birch Cliff, Cliffside West",43.692657,-79.2648481,Variety Village Sunshine Pool,This spot is popular,Gym Pool,953
170,M1N,"Birch Cliff, Cliffside West",43.692657,-79.2648481,Premium Sweet,This spot is popular,Dessert Shop,955
171,M1P,"Dorset Park, Scarborough Town Centre, Wexford Heights",43.7574096,-79.27330400000002,Kim Kim restaurant,This spot is popular,Chinese Restaurant,478
172,M1P,"Dorset Park, Scarborough Town Centre, Wexford Heights",43.7574096,-79.27330400000002,Kairali,This spot is popular,Indian Restaurant,429
173,M1P,"Dorset Park, Scarborough Town Centre, Wexford Heights",43.7574096,-79.27330400000002,Starbucks,This spot is popular,Coffee Shop,600
174,M1P,"Dorset Park, Scarborough Town Centre, Wexford Heights",43.7574096,-79.27330400000002,Harry's Drive-In,This spot is popular,Burger Joint,965
175,M1P,"Dorset Park, Scarborough Town Centre, Wexford Heights",43.7574096,-79.27330400000002,Spicy Dragon,This spot is popular,Asian Restaurant,922
176,M1P,"Dorset Park, Scarborough Town Centre, Wexford Heights",43.7574096,-79.27330400000002,Canada Computers,This spot is popular,Electronics Store,501
177,M1P,"Dorset Park, Scarborough Town Centre, Wexford Heights",43.7574096,-79.27330400000002,El Pulgarcito,This spot is popular,Latin American Restaurant,420
178,M1P,"Dorset Park, Scarborough Town Centre, Wexford Heights",43.7574096,-79.27330400000002,Tim Hortons,This spot is popular,Coffee Shop,974
179,M1P,"Dorset Park, Scarborough Town Centre, Wexford Heights",43.7574096,-79.27330400000002,Calabria Bakery,This spot is popular,Bakery,564
180,M1P,"Dorset Park, Scarborough Town Centre, Wexford Heights",43.7574096,-79.27330400000002,Goodlife Fitness,This spot is popular,Gym / Fitness Center,622
181,M1P,"Dorset Park, Scarborough Town Centre, Wexford Heights",43.7574096,-79.27330400000002,Big Al's Pet Supercentre,This spot is popular,Pet Store,454
182,M1P,"Dorset Park, Scarborough Town Centre, Wexford Heights",43.7574096,-79.27330400000002,Karaikudi Chettinad South Indian Restaurant,This spot is popular,Indian Restaurant,283
183,M1P,"Dorset Park, Scarborough Town Centre, Wexford Heights",43.7574096,-79.27330400000002,Nova Ristorante,This spot is popular,Italian Restaurant,953
184,M1P,"Dorset Park, Scarborough Town Centre, Wexford Heights",43.7574096,-79.27330400000002,Pho Vietnam,This spot is popular,Vietnamese Restaurant,425
185,M1P,"Dorset Park, Scarborough Town Centre, Wexford Heights",43.7574096,-79.27330400000002,Shoppers Drug Mart,This spot is popular,Pharmacy,943
186,M1P,"Dorset Park, Scarborough Town Centre, Wexford Heights",43.7574096,-79.27330400000002,FreshCo,This spot is popular,Grocery Store,971
187,M1P,"Dorset Park, Scarborough Town Centre, Wexford Heights",43.7574096,-79.27330400000002,Lucky Chinese (Haka) Restaurant,This spot is popular,Chinese Restaurant,846
188,M1P,"Dorset Park, Scarborough Town Centre, Wexford Heights",43.7574096,-79.27330400000002,TD Canada Trust,This spot is popular,Bank,924
189,M1P,"Dorset Park, Scarborough Town Centre, Wexford Heights",43.7574096,-79.27330400000002,Harvey's,This spot is popular,Burger Joint,906
190,M1P,"Dorset Park, Scarborough Town Centre, Wexford Heights",43.7574096,-79.27330400000002,The Beer Store,This spot is popular,Beer Store,808
191,M1P,"Dorset Park, Scarborough Town Centre, Wexford Heights",43.7574096,-79.27330400000002,Tim Hortons,This spot is popular,Coffee Shop,819
192,M1P,"Dorset Park, Scarborough Town Centre, Wexford Heights",43.7574096,-79.27330400000002,Subway,This spot is popular,Sandwich Place,907
193,M1P,"Dorset Park, Scarborough Town Centre, Wexford Heights",43.7574096,-79.27330400000002,Taco Bell,This spot is popular,Fast Food Restaurant,645
194,M1P,"Dorset Park, Scarborough Town Centre, Wexford Heights",43.7574096,-79.27330400000002,Popeyes Louisiana Kitchen,This spot is popular,Fried Chicken Joint,975
195,M1P,"Dorset Park, Scarborough Town Centre, Wexford Heights",43.7574096,-79.27330400000002,Mill St. Brewery,This spot is popular,Brewery,288
196,M1P,"Dorset Park, Scarborough Town Centre, Wexford Heights",43.7574096,-79.27330400000002,Burger King,This spot is popular,Fast Food Restaurant,945
197,M1P,"Dorset Park, Scarborough Town Centre, Wexford Heights",43.7574096,-79.27330400000002,The Fanzone Wings & Ribs,This spot is popular,Wings Joint,527
198,M1P,"Dorset Park, Scarborough Town Centre, Wexford Heights",43.7574096,-79.27330400000002,Pizza Pizza,This spot is popular,Pizza Place,884
199,M1P,"Dorset Park, Scarborough Town Centre, Wexford Heights",43.7574096,-79.27330400000002,Kennedy Bowlerama,This spot is popular,Bowling Alley,824
200,M1P,"Dorset Park, Scarborough Town Centre, Wexford Heights",43.7574096,-79.27330400000002,GNS Party Rentals,This spot is popular,Rental Service,653
201,M1P,"Dorset Park, Scarborough Town Centre, Wexford Heights",43.7574096,-79.27330400000002,Arrow Furniture,This spot is popular,Furniture / Home Store,730
202,M1P,"Dorset Park, Scarborough Town Centre, Wexford Heights",43.7574096,-79.27330400000002,Bus Stop: 54E,This spot is popular,Bus Station,782
203,M1P,"Dorset Park, Scarborough Town Centre, Wexford Heights",43.7574096,-79.27330400000002,Speedy Glass,This spot is popular,Automotive Shop,807
204,M1P,"Dorset Park, Scarborough Town Centre, Wexford Heights",43.7574096,-79.27330400000002,Dollarama,This spot is popular,Discount Store,813
205,M1P,"Dorset Park, Scarborough Town Centre, Wexford Heights",43.7574096,-79.27330400000002,Lawrence East RT Station,This spot is popular,Light Rail Station,821
206,M1P,"Dorset Park, Scarborough Town Centre, Wexford Heights",43.7574096,-79.27330400000002,White Shield Plaza,This spot is popular,Plaza,833
207,M1P,"Dorset Park, Scarborough Town Centre, Wexford Heights",43.7574096,-79.27330400000002,Donwood Park,This spot is popular,Park,869
208,M1P,"Dorset Park, Scarborough Town Centre, Wexford Heights",43.7574096,-79.27330400000002,Lawrence Ave E & Kennedy Rd,This spot is popular,Intersection,873
209,M1P,"Dorset Park, Scarborough Town Centre, Wexford Heights",43.7574096,-79.27330400000002,Mr. Sub,This spot is popular,Restaurant,918
210,M1P,"Dorset Park, Scarborough Town Centre, Wexford Heights",43.7574096,-79.27330400000002,FactoryDirect.ca,This spot is popular,Electronics Store,918
211,M1P,"Dorset Park, Scarborough Town Centre, Wexford Heights",43.7574096,-79.27330400000002,Jesse Jr. Filipino Foods,This spot is popular,Asian Restaurant,932
212,M1P,"Dorset Park, Scarborough Town Centre, Wexford Heights",43.7574096,-79.27330400000002,2001 Audio Video,This spot is popular,Automotive Shop,963
213,M1R,"Maryvale, Wexford",43.7500715,-79.2958491,Pho Metro,This spot is popular,Vietnamese Restaurant,535
214,M1R,"Maryvale, Wexford",43.7500715,-79.2958491,Makkalchon Korean Restaurant 맛깔촌,This spot is popular,Korean Restaurant,573
215,M1R,"Maryvale, Wexford",43.7500715,-79.2958491,Diana's Seafood Delight,This spot is popular,Fish Market,588
216,M1R,"Maryvale, Wexford",43.7500715,-79.2958491,Wexford Restaurant,This spot is popular,Breakfast Spot,477
217,M1R,"Maryvale, Wexford",43.7500715,-79.2958491,Shawarma Empire,This spot is popular,Middle Eastern Restaurant,971
218,M1R,"Maryvale, Wexford",43.7500715,-79.2958491,Arz Fine Foods,This spot is popular,Supermarket,802
219,M1R,"Maryvale, Wexford",43.7500715,-79.2958491,Diana's Oyster Bar & Grill,This spot is popular,Seafood Restaurant,600
220,M1R,"Maryvale, Wexford",43.7500715,-79.2958491,Ibrahim BBQ,This spot is popular,Middle Eastern Restaurant,637
221,M1R,"Maryvale, Wexford",43.7500715,-79.2958491,Nasib's Shawarma & Falafel,This spot is popular,Middle Eastern Restaurant,895
222,M1R,"Maryvale, Wexford",43.7500715,-79.2958491,Patna Kebab House,This spot is popular,Indian Restaurant,865
223,M1R,"Maryvale, Wexford",43.7500715,-79.2958491,Ghadir Mid-Eastern Grocery,This spot is popular,Grocery Store,978
224,M1R,"Maryvale, Wexford",43.7500715,-79.2958491,Big Moe's (Halal),This spot is popular,Burger Joint,656
225,M1R,"Maryvale, Wexford",43.7500715,-79.2958491,Tim Hortons,This spot is popular,Coffee Shop,509
226,M1R,"Maryvale, Wexford",43.7500715,-79.2958491,Swiss Chalet,This spot is popular,Restaurant,732
227,M1R,"Maryvale, Wexford",43.7500715,-79.2958491,Agincourt Open Badminton Centre,This spot is popular,Badminton Court,959
228,M1R,"Maryvale, Wexford",43.7500715,-79.2958491,Pizza Pizza,This spot is popular,Pizza Place,649
229,M1R,"Maryvale, Wexford",43.7500715,-79.2958491,Frank's Smoke Shop,This spot is popular,Smoke Shop,471
230,M1R,"Maryvale, Wexford",43.7500715,-79.2958491,The Loaded Dog,This spot is popular,Bar,721
231,M1R,"Maryvale, Wexford",43.7500715,-79.2958491,Sequoia Lounge,This spot is popular,Middle Eastern Restaurant,492
232,M1R,"Maryvale, Wexford",43.7500715,-79.2958491,Warden Ave & Lawrence Ave E,This spot is popular,Intersection,541
233,M1R,"Maryvale, Wexford",43.7500715,-79.2958491,Natural Food Depot,This spot is popular,Grocery Store,547
234,M1R,"Maryvale, Wexford",43.7500715,-79.2958491,P.A.T. Mart 한국식품,This spot is popular,Grocery Store,579
235,M1R,"Maryvale, Wexford",43.7500715,-79.2958491,Pioneer,This spot is popular,Convenience Store,584
236,M1R,"Maryvale, Wexford",43.7500715,-79.2958491,Hakim Optical,This spot is popular,Optical Shop,674
237,M1R,"Maryvale, Wexford",43.7500715,-79.2958491,Howden Road & Lawrence Avenue East,This spot is popular,Intersection,731
238,M1R,"Maryvale, Wexford",43.7500715,-79.2958491,Domino's Pizza,This spot is popular,Pizza Place,833
239,M1R,"Maryvale, Wexford",43.7500715,-79.2958491,closeout king,This spot is popular,Flea Market,839
240,M1R,"Maryvale, Wexford",43.7500715,-79.2958491,Ultrasports,This spot is popular,Soccer Field,968
241,M1R,"Maryvale, Wexford",43.7500715,-79.2958491,Alexandria Cafe,This spot is popular,Hookah Bar,700
242,M1S,Agincourt,43.7942003,-79.26202940000002,Panagio's Breakfast & Lunch,This spot is popular,Breakfast Spot,251
243,M1S,Agincourt,43.7942003,-79.26202940000002,The Roti Hut,This spot is popular,Caribbean Restaurant,815
244,M1S,Agincourt,43.7942003,-79.26202940000002,Mona's Roti,This spot is popular,Caribbean Restaurant,930
245,M1S,Agincourt,43.7942003,-79.26202940000002,Babu Catering & Take Out,This spot is popular,Sri Lankan Restaurant,918
246,M1S,Agincourt,43.7942003,-79.26202940000002,Grandeur Palace 華丽宮 (Grandeur Palace 華麗宮),This spot is popular,Chinese Restaurant,800
247,M1S,Agincourt,43.7942003,-79.26202940000002,Gourmet Malaysia 膳園,This spot is popular,Malay Restaurant,773
248,M1S,Agincourt,43.7942003,-79.26202940000002,Bestco Food Market 鴻華超級市場,This spot is popular,Supermarket,749
249,M1S,Agincourt,43.7942003,-79.26202940000002,Silver Spoon Pak-Indian Restaurant,This spot is popular,Indian Restaurant,898
250,M1S,Agincourt,43.7942003,-79.26202940000002,Francesca Bakery,This spot is popular,Bakery,833
251,M1S,Agincourt,43.7942003,-79.26202940000002,Wonton Chai Noodle 雲吞仔,This spot is popular,Noodle House,940
252,M1S,Agincourt,43.7942003,-79.26202940000002,Twilight,This spot is popular,Lounge,369
253,M1S,Agincourt,43.7942003,-79.26202940000002,Yummy Cantonese Restaurant 老西関腸粉,This spot is popular,Cantonese Restaurant,955
254,M1S,Agincourt,43.7942003,-79.26202940000002,Asian Legend 味香村,This spot is popular,Chinese Restaurant,781
255,M1S,Agincourt,43.7942003,-79.26202940000002,The Captain's Boil,This spot is popular,Seafood Restaurant,707
256,M1S,Agincourt,43.7942003,-79.26202940000002,Jesse Jr. (Filipino Foods & Restaurant),This spot is popular,Restaurant,917
257,M1S,Agincourt,43.7942003,-79.26202940000002,Sushi Legend,This spot is popular,Sushi Restaurant,715
258,M1S,Agincourt,43.7942003,-79.26202940000002,Agincourt Recreation Centre,This spot is popular,Pool,865
259,M1S,Agincourt,43.7942003,-79.26202940000002,TD Canada Trust,This spot is popular,Bank,870
260,M1S,Agincourt,43.7942003,-79.26202940000002,Aromaz Cake and Pastry 龍騰閣,This spot is popular,Bakery,810
261,M1S,Agincourt,43.7942003,-79.26202940000002,Subway,This spot is popular,Sandwich Place,890
262,M1S,Agincourt,43.7942003,-79.26202940000002,Shoppers Drug Mart,This spot is popular,Pharmacy,919
263,M1S,Agincourt,43.7942003,-79.26202940000002,Ten-Ichi Japanese Cuisine 天一,This spot is popular,Japanese Restaurant,992
264,M1S,Agincourt,43.7942003,-79.26202940000002,Le Spot,This spot is popular,Pool Hall,693
265,M1S,Agincourt,43.7942003,-79.26202940000002,Dragon Centre,This spot is popular,Shopping Mall,865
266,M1S,Agincourt,43.7942003,-79.26202940000002,Perfect Chinese Restaurant 雅瓊海鮮酒家,This spot is popular,Chinese Restaurant,976
267,M1S,Agincourt,43.7942003,-79.26202940000002,Pizza Pizza,This spot is popular,Pizza Place,955
268,M1S,Agincourt,43.7942003,-79.26202940000002,Shanghai Dim Sum,This spot is popular,Chinese Restaurant,992
269,M1S,Agincourt,43.7942003,-79.26202940000002,Borsalino,This spot is popular,Mediterranean Restaurant,718
270,M1S,Agincourt,43.7942003,-79.26202940000002,Ding Tai Fung Shanghai Dim Sum 鼎泰豐,This spot is popular,Shanghai Restaurant,683
271,M1S,Agincourt,43.7942003,-79.26202940000002,Country Style,This spot is popular,Coffee Shop,545
272,M1S,Agincourt,43.7942003,-79.26202940000002,Tim Hortons,This spot is popular,Coffee Shop,968
273,M1S,Agincourt,43.7942003,-79.26202940000002,Quiznos,This spot is popular,Sandwich Place,593
274,M1S,Agincourt,43.7942003,-79.26202940000002,Chartwell Shopping Centre 集友商場,This spot is popular,Shopping Mall,812
275,M1S,Agincourt,43.7942003,-79.26202940000002,Commander Badminton,This spot is popular,Badminton Court,631
276,M1S,Agincourt,43.7942003,-79.26202940000002,Cycle World Superstore,This spot is popular,Motorcycle Shop,662
277,M1S,Agincourt,43.7942003,-79.26202940000002,Joey Bravo's Italian Restaurant,This spot is popular,American Restaurant,726
278,M1S,Agincourt,43.7942003,-79.26202940000002,Dollarama,This spot is popular,Discount Store,726
279,M1S,Agincourt,43.7942003,-79.26202940000002,Centerview square,This spot is popular,Shopping Mall,749
280,M1S,Agincourt,43.7942003,-79.26202940000002,Asian Specialty,This spot is popular,Vietnamese Restaurant,807
281,M1S,Agincourt,43.7942003,-79.26202940000002,Prosperity Supermarket 集友超級市場,This spot is popular,Supermarket,813
282,M1S,Agincourt,43.7942003,-79.26202940000002,Canton Kitchen 廣東小炒,This spot is popular,Chinese Restaurant,821
283,M1S,Agincourt,43.7942003,-79.26202940000002,Real Fruit Bubble Tea 真果茶坊,This spot is popular,Bubble Tea Shop,833
284,M1S,Agincourt,43.7942003,-79.26202940000002,Better Kitchen,This spot is popular,Asian Restaurant,834
285,M1S,Agincourt,43.7942003,-79.26202940000002,Agincourt Park,This spot is popular,Park,867
286,M1S,Agincourt,43.7942003,-79.26202940000002,The UPS Store,This spot is popular,Print Shop,908
287,M1S,Agincourt,43.7942003,-79.26202940000002,Chinese Feast,This spot is popular,Chinese Restaurant,998
288,M1T,"Clarks Corners, Sullivan, Tam O'Shanter",43.7816375,-79.3043021,Remezzo Italian Bistro,This spot is popular,Italian Restaurant,460
289,M1T,"Clarks Corners, Sullivan, Tam O'Shanter",43.7816375,-79.3043021,The Royal Chinese Restaurant 避風塘小炒,This spot is popular,Chinese Restaurant,456
290,M1T,"Clarks Corners, Sullivan, Tam O'Shanter",43.7816375,-79.3043021,Chris Jerk Caribbean Bistro,This spot is popular,Caribbean Restaurant,906
291,M1T,"Clarks Corners, Sullivan, Tam O'Shanter",43.7816375,-79.3043021,Eight Noodles,This spot is popular,Noodle House,496
292,M1T,"Clarks Corners, Sullivan, Tam O'Shanter",43.7816375,-79.3043021,Shoppers Drug Mart,This spot is popular,Pharmacy,620
293,M1T,"Clarks Corners, Sullivan, Tam O'Shanter",43.7816375,-79.3043021,Fortune House Restaurant 富記,This spot is popular,Chinese Restaurant,944
294,M1T,"Clarks Corners, Sullivan, Tam O'Shanter",43.7816375,-79.3043021,Red Lobster,This spot is popular,Seafood Restaurant,699
295,M1T,"Clarks Corners, Sullivan, Tam O'Shanter",43.7816375,-79.3043021,Hunter's Pizza,This spot is popular,Greek Restaurant,941
296,M1T,"Clarks Corners, Sullivan, Tam O'Shanter",43.7816375,-79.3043021,Congee Queen 皇后名粥,This spot is popular,Cantonese Restaurant,995
297,M1T,"Clarks Corners, Sullivan, Tam O'Shanter",43.7816375,-79.3043021,Mexico Lindo,This spot is popular,Mexican Restaurant,903
298,M1T,"Clarks Corners, Sullivan, Tam O'Shanter",43.7816375,-79.3043021,Kub Khao,This spot is popular,Thai Restaurant,382
299,M1T,"Clarks Corners, Sullivan, Tam O'Shanter",43.7816375,-79.3043021,Burger King,This spot is popular,Fast Food Restaurant,940
300,M1T,"Clarks Corners, Sullivan, Tam O'Shanter",43.7816375,-79.3043021,Subway,This spot is popular,Sandwich Place,515
301,M1T,"Clarks Corners, Sullivan, Tam O'Shanter",43.7816375,-79.3043021,Bong Lua,This spot is popular,Vietnamese Restaurant,938
302,M1T,"Clarks Corners, Sullivan, Tam O'Shanter",43.7816375,-79.3043021,Popeyes,This spot is popular,Fried Chicken Joint,487
303,M1T,"Clarks Corners, Sullivan, Tam O'Shanter",43.7816375,-79.3043021,Little Caesars,This spot is popular,Pizza Place,471
304,M1T,"Clarks Corners, Sullivan, Tam O'Shanter",43.7816375,-79.3043021,Subway,This spot is popular,Sandwich Place,958
305,M1T,"Clarks Corners, Sullivan, Tam O'Shanter",43.7816375,-79.3043021,KFC,This spot is popular,Fast Food Restaurant,255
306,M1T,"Clarks Corners, Sullivan, Tam O'Shanter",43.7816375,-79.3043021,Eaton Centre USA,This spot is popular,Shopping Mall,220
307,M1T,"Clarks Corners, Sullivan, Tam O'Shanter",43.7816375,-79.3043021,Tim Hortons,This spot is popular,Coffee Shop,610
308,M1T,"Clarks Corners, Sullivan, Tam O'Shanter",43.7816375,-79.3043021,Rexall,This spot is popular,Pharmacy,496
309,M1T,"Clarks Corners, Sullivan, Tam O'Shanter",43.7816375,-79.3043021,Rexall,This spot is popular,Pharmacy,514
310,M1T,"Clarks Corners, Sullivan, Tam O'Shanter",43.7816375,-79.3043021,Wardenv Ave & Huntingwood Dr,This spot is popular,Intersection,660
311,M1T,"Clarks Corners, Sullivan, Tam O'Shanter",43.7816375,-79.3043021,Vradenburg Park,This spot is popular,Park,670
312,M1T,"Clarks Corners, Sullivan, Tam O'Shanter",43.7816375,-79.3043021,Warden Sheppard Plaza,This spot is popular,Shopping Mall,670
313,M1T,"Clarks Corners, Sullivan, Tam O'Shanter",43.7816375,-79.3043021,Tim Hortons,This spot is popular,Coffee Shop,912
314,M1T,"Clarks Corners, Sullivan, Tam O'Shanter",43.7816375,-79.3043021,A K Sports Cards & Comics,This spot is popular,Hobby Shop,938
315,M1T,"Clarks Corners, Sullivan, Tam O'Shanter",43.7816375,-79.3043021,Wei's Taiwenese Food,This spot is popular,Taiwanese Restaurant,939
316,M1T,"Clarks Corners, Sullivan, Tam O'Shanter",43.7816375,-79.3043021,Dollarama,This spot is popular,Discount Store,950
317,M1T,"Clarks Corners, Sullivan, Tam O'Shanter",43.7816375,-79.3043021,Orchid Garden Deli and Grill,This spot is popular,Deli / Bodega,960
318,M1T,"Clarks Corners, Sullivan, Tam O'Shanter",43.7816375,-79.3043021,Just Games,This spot is popular,Video Game Store,961
319,M1T,"Clarks Corners, Sullivan, Tam O'Shanter",43.7816375,-79.3043021,Bulk Barn,This spot is popular,Market,963
320,M1T,"Clarks Corners, Sullivan, Tam O'Shanter",43.7816375,-79.3043021,M&M Food Market,This spot is popular,Grocery Store,982
321,M1T,"Clarks Corners, Sullivan, Tam O'Shanter",43.7816375,-79.3043021,Bridlewood Park,This spot is popular,Park,1000
322,M1V,"Agincourt North, L'Amoreaux East, Milliken, Steeles East",43.8152522,-79.2845772,Fahmee Bakery & Jamaican Foods,This spot is popular,Caribbean Restaurant,669
323,M1V,"Agincourt North, L'Amoreaux East, Milliken, Steeles East",43.8152522,-79.2845772,Jim Chai Kee Wonton Noodle 沾仔記,This spot is popular,Noodle House,689
324,M1V,"Agincourt North, L'Amoreaux East, Milliken, Steeles East",43.8152522,-79.2845772,Lotus Pond Vegetarian Restaurant 蓮花素食,This spot is popular,Vegetarian / Vegan Restaurant,934
325,M1V,"Agincourt North, L'Amoreaux East, Milliken, Steeles East",43.8152522,-79.2845772,The Brighton Convention & Event Centre,This spot is popular,Event Space,890
326,M1V,"Agincourt North, L'Amoreaux East, Milliken, Steeles East",43.8152522,-79.2845772,0109 Dessert & Chocolate,This spot is popular,Dessert Shop,821
327,M1V,"Agincourt North, L'Amoreaux East, Milliken, Steeles East",43.8152522,-79.2845772,Starbucks,This spot is popular,Coffee Shop,728
328,M1V,"Agincourt North, L'Amoreaux East, Milliken, Steeles East",43.8152522,-79.2845772,Chako Barbeque Izakaya,This spot is popular,Korean Restaurant,820
329,M1V,"Agincourt North, L'Amoreaux East, Milliken, Steeles East",43.8152522,-79.2845772,Magic Noodle 大槐樹,This spot is popular,Chinese Restaurant,788
330,M1V,"Agincourt North, L'Amoreaux East, Milliken, Steeles East",43.8152522,-79.2845772,South Asia Malaysian Cuisine 南亞馬來美食,This spot is popular,Malay Restaurant,678
331,M1V,"Agincourt North, L'Amoreaux East, Milliken, Steeles East",43.8152522,-79.2845772,Fortune Restaurant,This spot is popular,Chinese Restaurant,611
332,M1V,"Agincourt North, L'Amoreaux East, Milliken, Steeles East",43.8152522,-79.2845772,Pizza Hut,This spot is popular,Pizza Place,685
333,M1V,"Agincourt North, L'Amoreaux East, Milliken, Steeles East",43.8152522,-79.2845772,Dolly's Crafts & Sports Cards,This spot is popular,Hobby Shop,704
334,M1V,"Agincourt North, L'Amoreaux East, Milliken, Steeles East",43.8152522,-79.2845772,Port Royal Park,This spot is popular,Park,418
335,M1V,"Agincourt North, L'Amoreaux East, Milliken, Steeles East",43.8152522,-79.2845772,Go For Tea,This spot is popular,Bubble Tea Shop,650
336,M1V,"Agincourt North, L'Amoreaux East, Milliken, Steeles East",43.8152522,-79.2845772,銀湖燒臘 Ho Ho BBQ,This spot is popular,BBQ Joint,564
337,M1V,"Agincourt North, L'Amoreaux East, Milliken, Steeles East",43.8152522,-79.2845772,Dong Kee Chinese Restaurant,This spot is popular,Chinese Restaurant,932
338,M1V,"Agincourt North, L'Amoreaux East, Milliken, Steeles East",43.8152522,-79.2845772,Passmore Fitness,This spot is popular,Gym,602
339,M1V,"Agincourt North, L'Amoreaux East, Milliken, Steeles East",43.8152522,-79.2845772,Reginos Pizza,This spot is popular,Pizza Place,633
340,M1V,"Agincourt North, L'Amoreaux East, Milliken, Steeles East",43.8152522,-79.2845772,Brimley Road Medical Center I.D.A.,This spot is popular,Pharmacy,662
341,M1V,"Agincourt North, L'Amoreaux East, Milliken, Steeles East",43.8152522,-79.2845772,Rosewood Plaza,This spot is popular,Shop & Service,666
342,M1V,"Agincourt North, L'Amoreaux East, Milliken, Steeles East",43.8152522,-79.2845772,Bamboo Kung Fu-Scarborough,This spot is popular,Martial Arts Dojo,725
343,M1V,"Agincourt North, L'Amoreaux East, Milliken, Steeles East",43.8152522,-79.2845772,Alexmuir Park,This spot is popular,Park,760
344,M1V,"Agincourt North, L'Amoreaux East, Milliken, Steeles East",43.8152522,-79.2845772,DaanGo Cake Lab,This spot is popular,Bakery,818
345,M1V,"Agincourt North, L'Amoreaux East, Milliken, Steeles East",43.8152522,-79.2845772,Tang Home Style Lamb & Beef 老汤家,This spot is popular,Chinese Restaurant,825
346,M1V,"Agincourt North, L'Amoreaux East, Milliken, Steeles East",43.8152522,-79.2845772,A Spa,This spot is popular,Spa,827
347,M1V,"Agincourt North, L'Amoreaux East, Milliken, Steeles East",43.8152522,-79.2845772,South China Noodles 桂林粉麵食店,This spot is popular,Chinese Restaurant,844
348,M1V,"Agincourt North, L'Amoreaux East, Milliken, Steeles East",43.8152522,-79.2845772,Silverland Centre 銀星中心,This spot is popular,Shopping Mall,928
349,M1V,"Agincourt North, L'Amoreaux East, Milliken, Steeles East",43.8152522,-79.2845772,Keung Kee Restaurant 強記雞粥,This spot is popular,Hong Kong Restaurant,995
350,M1W,"L'Amoreaux West, Steeles West",43.79952520000001,-79.3183887,Mr Congee Chinese Cuisine 龍粥記,This spot is popular,Chinese Restaurant,72
351,M1W,"L'Amoreaux West, Steeles West",43.79952520000001,-79.3183887,Agincourt Bakery,This spot is popular,Bakery,759
352,M1W,"L'Amoreaux West, Steeles West",43.79952520000001,-79.3183887,Phoenix Restaurant 金鳳餐廳,This spot is popular,Chinese Restaurant,147
353,M1W,"L'Amoreaux West, Steeles West",43.79952520000001,-79.3183887,Little Sheep Mongolian Hot Pot 小肥羊,This spot is popular,Hotpot Restaurant,972
354,M1W,"L'Amoreaux West, Steeles West",43.79952520000001,-79.3183887,Price Chopper,This spot is popular,Grocery Store,16
355,M1W,"L'Amoreaux West, Steeles West",43.79952520000001,-79.3183887,Subway,This spot is popular,Sandwich Place,70
356,M1W,"L'Amoreaux West, Steeles West",43.79952520000001,-79.3183887,Tim Hortons,This spot is popular,Coffee Shop,138
357,M1W,"L'Amoreaux West, Steeles West",43.79952520000001,-79.3183887,Shoppers Drug Mart,This spot is popular,Pharmacy,76
358,M1W,"L'Amoreaux West, Steeles West",43.79952520000001,-79.3183887,KFC,This spot is popular,Fast Food Restaurant,75
359,M1W,"L'Amoreaux West, Steeles West",43.79952520000001,-79.3183887,Yamamoto Japanese Cuisine 山本盛世,This spot is popular,Japanese Restaurant,105
360,M1W,"L'Amoreaux West, Steeles West",43.79952520000001,-79.3183887,Eggsmart,This spot is popular,Breakfast Spot,351
361,M1W,"L'Amoreaux West, Steeles West",43.79952520000001,-79.3183887,McDonald's,This spot is popular,Fast Food Restaurant,76
362,M1W,"L'Amoreaux West, Steeles West",43.79952520000001,-79.3183887,Pizza Pizza,This spot is popular,Pizza Place,181
363,M1W,"L'Amoreaux West, Steeles West",43.79952520000001,-79.3183887,Rogers Plus,This spot is popular,Electronics Store,68
364,M1W,"L'Amoreaux West, Steeles West",43.79952520000001,-79.3183887,Fit4Less,This spot is popular,Gym,75
365,M1W,"L'Amoreaux West, Steeles West",43.79952520000001,-79.3183887,Burger Palace,This spot is popular,Burger Joint,31
366,M1W,"L'Amoreaux West, Steeles West",43.79952520000001,-79.3183887,TD Canada Trust,This spot is popular,Bank,955
367,M1W,"L'Amoreaux West, Steeles West",43.79952520000001,-79.3183887,Warden Park,This spot is popular,Other Great Outdoors,608
368,M1W,"L'Amoreaux West, Steeles West",43.79952520000001,-79.3183887,CARSTAR Toronto St. Clair,This spot is popular,Auto Garage,632
369,M1W,"L'Amoreaux West, Steeles West",43.79952520000001,-79.3183887,Tim Hortons,This spot is popular,Coffee Shop,831
370,M1W,"L'Amoreaux West, Steeles West",43.79952520000001,-79.3183887,Pharmacy Ave. & Finch Ave. E,This spot is popular,Intersection,830
371,M1W,"L'Amoreaux West, Steeles West",43.79952520000001,-79.3183887,L'Amoreaux Scarborough Winter Tennis Club,This spot is popular,Tennis Court,896
372,M1W,"L'Amoreaux West, Steeles West",43.79952520000001,-79.3183887,Buddy Cafe,This spot is popular,Chinese Restaurant,973
373,M1W,"L'Amoreaux West, Steeles West",43.79952520000001,-79.3183887,Birchwood Plaza,This spot is popular,Shopping Mall,977
374,M1W,"L'Amoreaux West, Steeles West",43.79952520000001,-79.3183887,Olympian Swimming,This spot is popular,Gym Pool,978
375,M1W,"L'Amoreaux West, Steeles West",43.79952520000001,-79.3183887,Lulu Villa Spa,This spot is popular,Spa,986
376,M1W,"L'Amoreaux West, Steeles West",43.79952520000001,-79.3183887,Red Sail Boat Bakery 紅帆船西餅麵包,This spot is popular,Bakery,966
